{"data":{"name":"search_composite_sidebar","category":"Site Building Tools","marketing":"Provides an ajax driven search sidebar","version":1,"description":"Min version Jomres 10.7. Overrides ajax search composite top bar and replaces it with a sidebar that will appear on search result pages. ","lastupdate":"2023\/05\/03","min_jomres_ver":"10.7.0","manual_link":"","change_log":"","highlight":"","image":"","demo_url":"","compatability":["Bootstrap 5"],"author":"Vince Wooll","authoremail":"sales@jomres.net","authorurl":"http:\/\/www.jomres.net"}}