{"data":{"name":"random_review_inna_module","category":"Site Building Tools","marketing":"Pulls a random review from the database, quote the review, output it\\'s score and provide a link to the property.","version":2.2,"description":"Module. Pull a random review from the database, quote the review, output it's score and provide a link to the property. Use jomres_asamodule to output a random review, set the task to \"random_review_inna_module\". ","lastupdate":"2022\/08\/03","min_jomres_ver":"9.25.2","manual_link":"http:\/\/www.jomres.net\/manual\/site-managers-guide\/15-core-plugins\/97-random-review-inna-module","change_log":"v1.1 Updated to work on Jr7 1.2  Templates bootstrapped. v1.3 Added some code to prevent the plugin from attempting to output a review when running Touch Templates. v1.4 Added BS3 templates. v1.5 Added changes to reflect addition of new Jomres root directory definition. v1.6 PHP7 related maintenance. v1.7 Remaining globals cleanup and jr_gettext refactor related changes. v1.8 Modified functionality to use new get_property_details_url function. v1.9 Node\/javascript path related changes. v2.0 BS4 template set added v2.1 Bootstrap 5 template set added. v2.2 Documentation updated. ","highlight":"","image":"https:\/\/snippets.jomres.net\/plugin_screenshots\/2017-08-03_zx4su.png","demo_url":"","compatability":["Bootstrap 2","Bootstrap 3","Bootstrap 5"],"author":"Vince Wooll","authoremail":"sales@jomres.net","authorurl":"http:\/\/www.jomres.net"}}