{"data":{"name":"search_form_elements_forms","category":"Search tools","marketing":"","version":"0.2","description":"This plugin provides a large list of search forms that you can use, or adjust, to create your own search forms using the Search Form Elements plugin shortcodes.","lastupdate":"2023\/04\/18","min_jomres_ver":"10.6","manual_link":"","change_log":"v0.2 Added templates for BS2 & BS3","highlight":"","image":"","demo_url":"","compatability":["Bootstrap 2","Bootstrap 3","Bootstrap 5"],"author":"Vince Wooll","authoremail":"sales@jomres.net","authorurl":"http:\/\/www.jomres.net"}}